PEPTIDE_CODE,N-terminal,C-terminal,Morphology,PH,CONCENTRATION_mg ml,TEMPERATURE_C,SOLVENT,Time (min),Reference
EF,Free,Free,sphere,7,4.6,25,H2O,1440.0,1496
XFF,Boc,Free,none,7.46,7.83,67.5,PB,10.0,1124
VL,Boc,Methoxy,fiber,3.8,1.44,25,HFP/H2O,30.0,1944
AGA,Boc,Benzylation,none,7,100.0,20,Acetone,1440.0,1045
VV,Boc,Methoxy,fiber,7,2.79,25,Methanol,30.0,1946
FFD,Fmoc,Free,fiber,5,5.49,25,H2O,,1707
FEFEFKFK,Free,Free,fiber,6–7,7.847,90,water,,https://doi.org/10.1039/B811288F
FF,Free,Free,sphere,7,1.472,70,DMSO,5.0,1696
FF,Free,Free,fiber,7,0.66,16,H2O,,2018
GAG,Boc,Benzylation,none,7,100.0,20,Acetonitrile,1440.0,1035
FVG,Boc,Benzylation,none,7,100.0,20,Ethyl acetate,1440.0,1064
FF,Boc,Free,none,7,10.0,25,H2O,60.0,1417
VAV,Boc,Benzylation,none,7,100.0,20,Chlorobenzene,1440.0,1055
XFF,Boc,Free,fiber,7.46,6.6,51,PB,10.0,1124
GGG,Boc,Benzylation,none,7,100.0,20,Acetonitrile,1440.0,1033
AGG,Boc,Benzylation,none,7,100.0,20,Chloroform,1440.0,1034
FFG,Napthalene,Free,none,7.4,2.4,25,PBS,3.0,1172
fFV,Free,Free,fiber,7.4,6.7,25,PB,1440.0,1075
FF,Boc,Free,none,7,4.0,25,H2O,60.0,1417
RSAIEDLLFDKV,Free,Free,fiber,4,1.9950999999999999,,water,,https://pubs.acs.org/doi/10.1021/acsnano.1c10658
AAA,Boc,Benzylation,fiber,7,100.0,20,Acetonitrile,1440.0,1050
FP,Chlorination,N-hexadecylamine,none,7,96.0,25,H2O,25.0,1007
AVV,Boc,Benzylation,none,7,100.0,20,Ethanol,1440.0,1055
FWK,Fmoc,Amidation,fiber,5.6,7.0,25,H2O,1440.0,1089
FF,Boc,Free,fiber,4.9,2.0,25,H2O,,1026
XFF,Boc,Free,fiber,7.46,5.39,47.5,PB,10.0,1124
FF,Free,Free,fiber,7,1.896,64,H2O,,2018
FWK,Fmoc,Free,fiber,12,7.0,25,H2O,1440.0,1086
FFA,Napthalene,Free,none,7.4,4.0,25,PBS,3.0,1173
FF,Free,Free,fiber,7,0.715,28,H2O,,2018
YVSVDVSV,Acetylated,Amidated,fiber,7.3,0.147,25,Hepes,0.0,10.1371/journal.pone.0143948
XFF,Boc,Free,none,7.46,3.24,42.5,PB,10.0,1124
FG,Free,Free,fiber,7.4,20.0,25,H2O,,1412
FFA,Napthalene,Free,none,7.4,4.5,25,PBS,3.0,1173
XFF,Boc,Free,none,7.46,4.32,50,PB,10.0,1124
YVAVDVHV,Acetylated,Amidated,fiber,7.3,0.147,25,Hepes,0.0,10.1371/journal.pone.0143948
LLE,Acetylation,Free,aggregate,7,12.0,25,H2O,20160.0,1129
EF,Free,Free,none,5.2,1.0,25,H2O,120.0,1320
KF,Free,Free,aggregate,5.2,2.0,25,H2O,,1334
FW,Chlorination,N-hexadecylamine,fiber,7,3.0,25,H2O,25.0,1012
YVHVHVSV,Acetylated,Amidated,fiber,7.3,0.147,25,Hepes,0.0,10.1371/journal.pone.0143948
FF,Fmoc,Free,fiber,10.8,19.5,25,H2O,,1194
PPSPPHPPDPPGY,Acetylated,Amidated,none,7,0.71,25,HEPES,,10.1021/acsomega.7b00928
FF,Free,Free,fiber,7,10.0,25,Methanol,,1500
XFF,Boc,Free,none,7.46,3.92,47.5,PB,10.0,1124
YVDVDVHV,Acetylated,Amidated,fiber,7.3,0.147,25,Hepes,0.0,10.1371/journal.pone.0143948
FF,Free,Free,none,7,1.125,56,H2O,,2018
SVG,Boc,Benzylation,none,7,100.0,20,Ethyl acetate,1440.0,1060
FF,Free,Free,none,7,1.62,68,H2O,,2018
GAA,Boc,Benzylation,none,7,100.0,20,Ethanol,1440.0,1047
FF,Fmoc,Free,none,10.9,19.5,25,H2O,,1194
VI,Boc,Methoxy,fiber,7.5,0.72,25,H2O,30.0,1943
FF,Free,Free,none,7,0.52,28,H2O,,2018
FF,Free,Free,fiber,7,1.738,64,H2O,,2018
FF,Fmoc,Free,fiber,10.2,5.0,25,H2O,,1269
RGD,Fmoc,Free,none,7.15,5.0,25,H2O,,1178
FP,Fmoc,Free,none,3,5.0,25,H2O,,1270
DF,Free,Methoxy,fiber,7,18.0,25,Dichloromethane,1440.0,1310
AVV,Boc,Benzylation,none,7,100.0,20,Dichloromethane,1440.0,1055
FF,Napthalene,Free,fiber,6,10.0,25,H2O,1440.0,1235
FF,Napthalene,Free,fiber,7,20.0,25,H2O,1440.0,1235
FF,Free,Free,fiber,7,1.375,56,H2O,,2018
FWK,Fmoc,Free,fiber,9,7.0,25,H2O,1440.0,1085
KF,Free,Free,sphere,7,8.2,25,H2O,1440.0,1497
FEFEPKFKF,Free,Free,fiber,2–5,32.025,,water,,https://doi.org/10.1039/D4RA07065H
AGA,Boc,Benzylation,none,7,100.0,20,Ethanol,1440.0,1045
EF,Free,Free,sphere,4.8,5.0,25,H2O,2160.0,1491
FF,Fmoc,Free,none,11,52.0,25,H2O,,1194
VAV,Boc,Benzylation,none,7,100.0,20,Methanol,1440.0,1055
XFF,Boc,Free,fiber,7.46,4.84,46,PB,10.0,1124
AAA,Boc,Benzylation,none,7,100.0,20,Dichloromethane,1440.0,1050
XFF,Boc,Free,none,7.46,2.32,32.5,PB,10.0,1124
FF,Fmoc,Free,fiber,8.1,15.0,25,Methanol,720.0,1644
VGV,Boc,Benzylation,none,7,100.0,20,Chlorobenzene,1440.0,1054
IF,Free,Free,none,5.8,0.2,25,H2O,,1017
FF,Fmoc,Free,fiber,10.8,9.1,25,H2O,,1194
VVA,Boc,Benzylation,none,7,100.0,20,Chloroform,1440.0,1054
LV,Boc,Methoxy,fiber,8,1.44,25,H2O,30.0,1945
AGA,Boc,Benzylation,none,7,100.0,20,Methanol,1440.0,1045
AAA,Boc,Benzylation,none,7,100.0,20,Acetone,1440.0,1050
IF,Free,Free,fiber,5.8,10.0,25,H2O,,1017
FLD,Free,Free,fiber,7,7.87,25,H2O,1440.0,1928
GGA,Boc,Benzylation,none,7,100.0,20,Chloroform,1440.0,1045
aA,Free,Free,fiber,7,30.0,25,THF,,1350
FF,Boc,Free,sphere,7,10.0,25,H2O,60.0,1417
FEFKPEFKF,Free,Free,fiber,4–10,32.025,,water,,https://doi.org/10.1039/D4RA07065H
FF,Fmoc,Free,fiber,7,15.0,25,Toluene,720.0,1644
FVD,Free,Free,fiber,7,7.59,25,H2O,1440.0,1928
GAG,Boc,Benzylation,none,7,100.0,20,Ethanol,1440.0,1035
IHIHGYGHIHI,Acetylated,Amidated,fiber,8,0.088,25,TRIS,0.0,10.1039/C7NR02675G
GAA,Boc,Benzylation,fiber,7,100.0,20,Toluene,1440.0,1046
KFG,Free,Free,sphere,7.4,0.5,60,H2O,,1078
KFG,Free,Free,fiber,7.4,5.0,30,H2O,,1079
FF,Free,Free,fiber,7,2.5,25,Chloroform,,1332
LL,Fmoc,Free,fiber,4.3,2.443,4,H2O,1440.0,1443
VAG,Boc,Benzylation,none,7,100.0,20,Ethanol,1440.0,1036
DF,Free,Methoxy,fiber,7.5,3.3,25,PB,1440.0,1311
GAG,Boc,Benzylation,none,7,100.0,20,Chloroform,1440.0,1035
KFG,Free,Free,sphere,7.4,5.0,70,H2O,,1080
FWE,Fmoc,Free,fiber,6,0.74,25,H2O,1440.0,1728
EF,Free,Free,none,5.2,5.0,25,H2O,120.0,1324
FF,Fmoc,Free,fiber,10,0.26,25,H2O,,1194
XFF,Boc,Free,fiber,7.46,10.44,67.5,PB,10.0,1124
GSPLAQQIKNIHSFIHQAKAAGRMDEVRTLQENLHQLMHEYFQQSD,Free,Free,none,7,0.01,25,HEPES,,https://doi.org/10.1021/bi201881p
VGA,Boc,Benzylation,none,7,100.0,20,Chloroform,1440.0,1045
AGV,Boc,Benzylation,none,7,100.0,20,Methanol,1440.0,1054
FFF,Ferrocene,Free,sphere,7.2,32.38,25,Ehylacetate,0.5,1974
FF,Free,Free,fiber,7,1.54,60,H2O,,2018
FF,Napthalene,Free,fiber,7,15.0,25,H2O,1440.0,1235
GAA,Boc,Benzylation,none,7,100.0,20,Acetonitrile,1440.0,1047
IVD,Acetylation,Free,sphere,7,5.0,25,H2O,,1162
AAV,Boc,Benzylation,none,7,100.0,20,Acetone,1440.0,1054
FF,Free,Free,none,7,2.0,25,THF,10.0,1277
FF,Free,Free,fiber,7,1.68,60,H2O,,2018
FF,Fmoc,Free,none,10.8,4.29,25,H2O,,1194
GVA,Boc,Benzylation,none,7,100.0,20,Acetone,1440.0,1052
FFH,Ferrocene,Free,fiber,7.2,31.78,20,PBS,0.5,1972
AGG,Boc,Benzylation,none,7,100.0,20,Methanol,1440.0,1034
FF,Free,Free,fiber,7,4.0,25,H2O,,1499
FF,Free,Free,none,7,0.736,44,H2O,,2018
AVV,Boc,Benzylation,none,7,100.0,20,Ethyl acetate,1440.0,1055
FF,Napthalene,Free,fiber,6.8,5.0,25,H2O,1440.0,1235
FAA,Boc,Benzylation,none,7,100.0,20,Acetonitrile,1440.0,1058
VI,Boc,Methoxy,fiber,3.8,1.44,25,HFP/H2O,30.0,1943
FFE,Fmoc,Free,fiber,6,0.7,25,H2O,1440.0,1733
FF,Free,Free,none,7,1.422,64,H2O,,2018
LL,Free,Free,fiber,5.2,2.0,180,H2O,90.0,1637
RPFMCTWSYCGKRFTRSDELQRHKRTHTGEK,Free,Amidated,none,7.5,0.57,25,H2O,60.0,10.1039/c9cy01364d
LLE,Acetylation,Free,aggregate,7,40.0,25,H2O,20160.0,1129
AGV,Boc,Benzylation,none,7,100.0,20,Dichloromethane,1440.0,1054
VGA,Boc,Benzylation,none,7,100.0,20,Chlorobenzene,1440.0,1045
WF,Chlorination,N-hexadecylamine,fiber,7,4.8,25,H2O,25.0,1011
DF,Free,Methoxy,fiber,7.88,3.0,25,PB,1440.0,1311
FF,Boc,Free,fiber,7,0.2,25,H2O,35.0,1416
FF,Boc,Free,fiber,7,0.5,25,H2O,35.0,1416
VGA,Boc,Benzylation,none,7,100.0,20,Ethyl acetate,1440.0,1045
DF,Free,Methoxy,none,7,23.4,25,Toluene,1440.0,1318
FF,Free,Free,fiber,5.2,2.0,90,H2O,5.0,1015
FFA,Acetylation,Amidation,fiber,6.12,7.7,25,H2O,,1843
AAA,Boc,Benzylation,fiber,7,100.0,20,Chlorobenzene,1440.0,1049
FF,Fmoc,Free,fiber,3.5,15.0,25,HFP,720.0,1644
VAV,Boc,Benzylation,fiber,7,33.0,20,Hexane,1440.0,1055
VGV,Boc,Benzylation,none,7,100.0,20,Acetone,1440.0,1054
MF,Free,Free,sphere,8,2.0,25,H2O,1440.0,1290
FF,Free,Free,none,7,0.48,24,H2O,,2018
RLVFFAH,Acetylated,Amidated,fiber,8,0.26,4,H2O,43200.0,https://doi.org/10.1039/D2SC03205H
FF,Fmoc,Free,fiber,7.8,15.0,25,H2O,720.0,1644
AAG,Boc,Benzylation,none,7,100.0,20,Acetonitrile,1440.0,1035
FF,Free,Free,fiber,7,1.5,56,H2O,,2018
FF,Fmoc,Free,fiber,10.5,0.78,25,H2O,,1194
FF,Napthalene,Free,fiber,6.2,15.0,25,H2O,1440.0,1235
DF,Free,Methoxy,fiber,7.34,3.0,25,PB,1440.0,1311
LL,Fmoc,Free,fiber,5.8,2.443,4,H2O,1440.0,1443
FF,Free,Free,fiber,7,1.232,52,H2O,,2018
FF,Free,Free,none,7,1.44,68,H2O,,2018
VI,Boc,Methoxy,fiber,7,2.88,25,Methanol,30.0,1943
FF,Boc,Free,fiber,7,1.0,25,H2O,60.0,1417
LV,Boc,Methoxy,fiber,7.5,0.72,25,H2O,30.0,1945
GGA,Boc,Benzylation,none,7,100.0,20,Ethyl acetate,1440.0,1045
ff,Free,Free,fiber,7,0.005,80,H2O,5.0,1014
FF,Free,Free,fiber,4.8,1.0,25,H2O,2160.0,1493
KFG,Free,Free,sphere,7.4,0.5,40,H2O,,1078
VGV,Boc,Benzylation,none,7,100.0,20,Methanol,1440.0,1054
PY,Chlorination,N-hexadecylamine,fiber,7,120.0,25,H2O,25.0,1008
IHIHIQI,Free,Free,fiber,8,0.088,25,TRIS,0.0,10.1038/nchem.1894
GGV,Boc,Benzylation,none,7,100.0,20,Acetone,1440.0,1054
FF,Boc,Free,none,7,6.0,25,Ethanol,60.0,1417
VAG,Boc,Benzylation,fiber,7,100.0,20,Chlorobenzene,1440.0,1036
PPSPPHPPPPPGY,Acetylated,Amidated,none,7,0.71,25,HEPES,,10.1021/acsomega.7b00928
GVV,Boc,Benzylation,none,7,100.0,20,Acetonitrile,1440.0,1055
FF,Fmoc,Free,fiber,10.6,15.0,25,H2O,720.0,1644
VAA,Boc,Benzylation,fiber,7,100.0,20,Toluene,1440.0,1051
LG,Fmoc,Free,fiber,5.08,1.882,4,H2O,1440.0,1446
FF,Fmoc,Free,none,7,15.0,25,DMSO,720.0,1644
LG,Fmoc,Free,none,10.5,1.882,4,H2O,1440.0,1445
XFF,Boc,Free,none,7.46,6.0,65,PB,10.0,1124
VF,Free,Free,none,5.8,20.0,25,H2O,,1018
SVG,Boc,Benzylation,none,7,100.0,20,Acetone,1440.0,1060
FVG,Boc,Benzylation,none,7,100.0,20,Acetonitrile,1440.0,1064
HFF,Free,Free,none,7,20.0,49.5,PB,,1948
AA,Fmoc,Free,fiber,3.18,5.0,25,H2O,,1384
FF,Boc,Free,none,7,2.0,25,Ethanol,60.0,1417
FF,Boc,Free,fiber,7,0.2,25,H2O,60.0,1417
FF,Fmoc,Free,fiber,3,8.02,25,H2O,4320.0,1600
XFF,Boc,Free,fiber,7.46,3.85,39,PB,10.0,1124
VGV,Boc,Benzylation,none,7,100.0,20,Chloroform,1440.0,1054
MYD,Acetylation,Free,fiber,7,5.0,25,H2O,1440.0,1128
VVG,Boc,Benzylation,fiber,7,100.0,20,Chlorobenzene,1440.0,1043
FFD,Ferrocene,Free,sphere,7.2,30.68,25,Ehylacetate,0.5,1973
FFD,Free,Free,fiber,5,12.82,25,PBS,,1979
RF,Free,Free,aggregate,5.2,5.0,25,H2O,120.0,1323
VIE,Acetylation,Free,fiber,7,5.0,25,H2O,2880.0,1130
FF,Free,Free,fiber,7,1.122,48,H2O,,2018
FF,Boc,Free,fiber,7,8.0,25,H2O,35.0,1416
VV,Boc,Methoxy,fiber,7,2.79,25,TFE,30.0,1946
SVG,Boc,Benzylation,none,7,100.0,20,Ethanol,1440.0,1060
AVV,Boc,Benzylation,none,7,100.0,20,Toluene,1440.0,1055
LV,Boc,Methoxy,fiber,5.3,1.44,25,H2O,30.0,1945
GGA,Boc,Benzylation,none,7,100.0,20,Acetonitrile,1440.0,1045
HFF,Free,Free,fiber,7,20.0,40.5,PB,,1948
EF,Free,Free,sphere,7,2.8,25,H2O,1440.0,1496
FF,Napthalene,Free,fiber,6.4,20.0,25,H2O,1440.0,1235
YVDVDVDV,Acetylated,Amidated,fiber,7.3,0.147,25,Hepes,0.0,10.1371/journal.pone.0143948
DF,Free,Methoxy,fiber,6.8,3.0,25,PB,1440.0,1311
VL,Boc,Methoxy,fiber,7.5,0.72,25,H2O,30.0,1944
FFH,Ferrocene,Free,sphere,7.2,31.78,40,PBS,0.5,1972
FF,Free,Free,none,7,0.45,12,H2O,,2018
FF,Free,Free,fiber,7,1.224,48,H2O,,2018
LHLHLEL,Acetylated,Amidated,fiber,8,0.088,25,TRIS,0.0,10.1038/nchem.1894
FF,Free,Free,fiber,7,0.77,32,H2O,,2018
FF,Fmoc,Free,none,7,5.025,37,PBS,,1002
FF,Free,Free,fiber,7,5.0,50,H2O,150.0,1509
FF,Free,Free,fiber,7,0.005,80,H2O,5.0,1013
FFH,Fmoc,Free,fiber,6,0.71,25,H2O,1440.0,1730
FWH,Fmoc,Free,fiber,6,0.745,25,H2O,1440.0,1725
FFS,Napthalene,Free,none,7.4,0.72,25,PBS,3.0,1174
YVHVSVHV,Acetylated,Amidated,fiber,7.3,0.147,25,Hepes,0.0,10.1371/journal.pone.0143948
FF,Fmoc,Free,fiber,10.7,15.0,25,H2O,720.0,1644
IHIHDYI,Acetylated,Amidated,fiber,8,0.088,25,TRIS,0.0,10.1039/C7NR02675G
SVG,Boc,Benzylation,none,7,100.0,20,Chloroform,1440.0,1060
FW,Free,Free,fiber,7,1.665,70,Methanol,5.0,1693
AVG,Boc,Benzylation,fiber,7,100.0,20,Ethanol,1440.0,1040
VGG,Boc,Benzylation,none,7,100.0,20,Dichloromethane,1440.0,1035
FID,Free,Free,fiber,7,7.87,25,H2O,1440.0,1928
GAG,Boc,Benzylation,none,7,100.0,20,Chlorobenzene,1440.0,1035
FP,Fmoc,Free,none,8.4,5.0,25,H2O,,1270
FFD,Fmoc,Free,fiber,7,5.49,25,H2O,,1707
XFF,Boc,Free,none,7.46,3.15,39,PB,10.0,1124
GF,Fmoc,Free,fiber,4.4,4.8,4,H2O,1440.0,1576
VAG,Boc,Benzylation,none,7,100.0,20,Ethyl acetate,1440.0,1036
XFF,Boc,Free,none,7.46,4.8,51,PB,10.0,1124
SAA,Boc,Benzylation,none,7,100.0,20,Dichloromethane,1440.0,1056
RGD,Fmoc,Free,none,7.8,5.0,25,H2O,,1178
VL,Boc,Methoxy,fiber,8,1.44,25,H2O,30.0,1944
AVV,Boc,Benzylation,none,7,100.0,20,Chloroform,1440.0,1055
FWK,Fmoc,Amidation,fiber,10.4,7.0,25,H2O,1440.0,1089
FF,Fmoc,Free,fiber,6.7,15.0,25,H2O,720.0,1644
YHYHYHYH,Acetylated,Amidated,fiber,8.5,0.0264,25,TRIS,1440.0,https://doi.org/10.1021/acscatal.0c03093
FFS,Napthalene,Free,none,7.4,0.64,25,PBS,3.0,1174
FF,Fmoc,Free,fiber,7.5,15.0,25,H2O,720.0,1644
FWR,Fmoc,Free,fiber,6,0.765,25,H2O,1440.0,1726
FF,Free,Free,fiber,7,2.16,68,H2O,,2018
FF,Free,Free,none,7,0.704,42.5,H2O,,2018
LII,Boc,Methoxy,sphere,7,5.0,25,Methanol,30.0,1107
FF,Free,Free,fiber,5.5,1.0,25,H2O,,1019
GVA,Boc,Benzylation,none,7,100.0,20,Ethyl acetate,1440.0,1052
FF,Free,Free,none,7,0.918,48,H2O,,2018
AAA,Boc,Benzylation,none,7,100.0,20,Methanol,1440.0,1050
AAV,Boc,Benzylation,none,7,100.0,20,Acetonitrile,1440.0,1054
GAV,Boc,Benzylation,none,7,100.0,20,Methanol,1440.0,1054
WP,Chlorination,N-hexadecylamine,fiber,7,77.0,25,H2O,25.0,1009
FF,Free,Free,sphere,7,2.0,25,Acetone,10.0,1277
AA,Free,Free,fiber,7,2.0,25,H2O,,1344
KFG,Free,Free,sphere,7.4,0.5,70,H2O,,1078
VHVHVRV,Acetylated,Amidated,fiber,8,0.088,25,TRIS,0.0,10.1038/nchem.1894
FF,Free,Free,none,7,0.54,24,H2O,,2018
fFD,Free,Free,fiber,7,10.0,25,Methanol,,1103
QAA,Boc,Benzylation,fiber,7,100.0,20,Acetonitrile,1440.0,1065
PFG,Boc,Methoxy,sphere,7.5,1.0,25,H2O,120.0,1090
VAV,Boc,Benzylation,none,7,100.0,20,Ethyl acetate,1440.0,1055
APLEPEYPGDNATPEQMHQHQLRRYINML,Acetylated,Amidated,none,7,0.06,25,PBS,1440.0,10.1039/b404730c
HLVFFAL,Acetylated,Free,fiber,8,0.26,4,H2O,43200.0,https://doi.org/10.1039/D2SC03205H
VL,Boc,Methoxy,fiber,4.5,0.72,25,HFP/H2O,30.0,1944
FFA,Acetylation,Amidation,none,6.12,5.6,25,H2O,,1843
FFV,Free,Free,none,7.4,6.7,25,PB,1440.0,1077
YVDVHVAV,Acetylated,Amidated,fiber,7.3,0.147,25,Hepes,0.0,10.1371/journal.pone.0143948
FF,Free,Free,none,7,0.56,32,H2O,,2018
FF,Napthalene,Free,fiber,6.6,20.0,25,H2O,1440.0,1235
FFS,Ferrocene,Free,sphere,7.2,29.27,25,Ehylacetate,0.5,1975
FFD,Fmoc,Free,none,8,5.49,25,H2O,,1707
FWK,Fmoc,Free,fiber,6,7.0,25,H2O,1440.0,1085
VGV,Boc,Benzylation,none,7,100.0,20,Acetonitrile,1440.0,1054
AAV,Boc,Benzylation,none,7,100.0,20,Dichloromethane,1440.0,1054
FF,Free,Free,none,5.5,1.0,200,H2O,,1019
GF,Fmoc,Free,none,8.8,4.8,4,H2O,1440.0,1576
WP,Chlorination,N-hexadecylamine,none,7,63.0,25,H2O,25.0,1009
FFH,Ferrocene,Free,sphere,7.2,31.78,70,PBS,0.5,1972
FF,Boc,Free,sphere,7,0.5,25,H2O,60.0,1417
Aa,Free,Free,fiber,7,30.0,25,THF,,1349
XFF,Boc,Free,fiber,7.46,7.44,56,PB,10.0,1124
lFF,Free,Free,fiber,7.1,4.26,25,PBS,,1754
AVA,Boc,Benzylation,none,7,100.0,20,Acetone,1440.0,1052
LL,Fmoc,Free,fiber,4.8,2.443,4,H2O,1440.0,1443
IVD,Acetylation,Free,fiber,7,4.14,25,H2O,,1168
FF,Free,Free,fiber,7,2.0,25,Methanol,10.0,1275
VAA,Boc,Benzylation,none,7,100.0,20,Acetone,1440.0,1052
FF,Free,Free,fiber,4.3,10.0,25,H2O,,1023
PY,Chlorination,N-hexadecylamine,fiber,7,110.0,25,H2O,25.0,1008
XFF,Boc,Free,fiber,7.46,6.48,50,PB,10.0,1124
VGV,Boc,Benzylation,none,7,100.0,20,Toluene,1440.0,1054
AGG,Boc,Benzylation,none,7,100.0,20,Ethyl acetate,1440.0,1034
XFF,Boc,Free,fiber,7.46,5.88,47.5,PB,10.0,1124
QAA,Boc,Benzylation,none,7,100.0,20,Chloroform,1440.0,1065
FF,Napthalene,Free,fiber,6.2,20.0,25,H2O,1440.0,1235
FF,Boc,Free,fiber,7,10.0,25,H2O,60.0,1417
FF,Free,Free,none,7,1.264,64,H2O,,2018
FF,Fmoc,Free,fiber,3.8,15.0,25,H2O,720.0,1644
FH,Free,Free,fiber,8,20.0,25,PB,,1342
LV,Boc,Methoxy,fiber,3.8,1.44,25,H2O,30.0,1945
FF,Fmoc,Free,fiber,3.9,15.0,25,H2O,720.0,1644
FFK,Napthalene,Free,fiber,7.4,2.2,25,PBS,3.0,1175
WF,Chlorination,N-hexadecylamine,fiber,7,4.4,25,H2O,25.0,1011
FF,Napthalene,Free,fiber,6.6,5.0,25,H2O,1440.0,1235
SVG,Boc,Benzylation,fiber,7,100.0,20,Toluene,1440.0,1059
KF,Free,Free,aggregate,5.2,5.0,25,H2O,120.0,1324
KFG,Free,Free,sphere,7.4,0.5,25,H2O,1440.0,1907
HYHYHYHYH,Acetylated,Amidated,fiber,8.5,0.0264,25,TRIS,1440.0,https://doi.org/10.1021/acscatal.0c03093
GGV,Boc,Benzylation,none,7,100.0,20,Chloroform,1440.0,1054
LLE,Acetylation,Free,aggregate,7,33.0,25,H2O,20160.0,1129
VGV,Boc,Benzylation,none,7,100.0,20,Dichloromethane,1440.0,1054
LL,Fmoc,Free,none,10.5,2.443,4,H2O,1440.0,1443
LL,Fmoc,Free,none,10,2.443,4,H2O,1440.0,1443
AGA,Boc,Benzylation,none,7,100.0,20,Dichloromethane,1440.0,1045
HGH,Acetylated,Amidated,fiber,7.3,0.147,25,Hepes,0.0,10.1371/journal.pone.0143948
AGG,Boc,Benzylation,fiber,7,100.0,20,Chlorobenzene,1440.0,1034
WW,Free,Free,sphere,7.5,0.35,37,H2O,1440.0,1387
YVHVDVHV,Acetylated,Amidated,fiber,7.3,0.147,25,Hepes,0.0,10.1371/journal.pone.0143948
FFA,Acetylation,Amidation,fiber,6.12,8.4,25,H2O,,1843
YVHVDVAV,Acetylated,Amidated,fiber,7.3,0.147,25,Hepes,0.0,10.1371/journal.pone.0143948
FFD,Ferrocene,Free,sphere,7.2,30.68,25,PBS,0.5,1973
FF,Free,Free,fiber,7,0.84,32,H2O,,2018
FF,Fmoc,Free,fiber,7,15.0,25,Acetonitrile,720.0,1644
FF,Free,Free,none,7,1.26,60,H2O,,2018
FF,Fmoc,Free,fiber,10.9,130.0,25,H2O,,1194
VF,Free,Free,none,5.8,0.2,25,H2O,,1018
FF,Free,Free,fiber,7,0.968,42.5,H2O,,2018
FF,Boc,Free,fiber,7,2.0,25,H2O,35.0,1416
FF,Fmoc,Free,none,7,15.0,25,THF,720.0,1644
FK,Free,Free,fiber,8.6,20.0,25,PB,,1343
VGG,Boc,Benzylation,none,7,100.0,20,Acetone,1440.0,1035
GAA,Boc,Benzylation,none,7,100.0,20,Ethyl acetate,1440.0,1047
GGA,Boc,Benzylation,none,7,100.0,20,Methanol,1440.0,1045
FF,Free,Free,fiber,5.5,1.0,100,H2O,,1019
FF,Napthalene,Free,fiber,6.8,15.0,25,H2O,1440.0,1235
GGG,Boc,Benzylation,none,7,100.0,20,Dichloromethane,1440.0,1033
FF,Free,Free,fiber,5.2,2.0,70,H2O,5.0,1015
YVHVDVSV,Acetylated,Amidated,fiber,7.3,0.147,25,Hepes,0.0,10.1371/journal.pone.0143948
FK,Free,Free,fiber,11,20.0,25,PB,,1343
FFG,Napthalene,Free,fiber,7.4,3.6,25,PBS,3.0,1172
FFD,Fmoc,Free,fiber,6,0.685,25,H2O,1440.0,1734
XFF,Boc,Free,none,7.46,5.58,56,PB,10.0,1124
RGD,Fmoc,Free,fiber,5.2,5.0,25,H2O,,1178
GVA,Boc,Benzylation,none,7,100.0,20,Ethanol,1440.0,1052
AA,Fmoc,Free,fiber,3.26,5.0,25,H2O,,1384
KFF,Free,Free,fiber,7,13.2,25,H2O,1440.0,1133
KF,Free,Free,sphere,7,1.0,25,H2O,1440.0,1497
GF,Free,Free,none,7.4,20.0,25,H2O,,1412
FF,Free,Free,none,7,0.624,37,H2O,,2018
FF,Free,Free,none,7,0.792,42.5,H2O,,2018
GAA,Boc,Benzylation,none,7,100.0,20,Methanol,1440.0,1047
FF,Free,Free,fiber,7,0.625,-20,H2O,,1217
AAV,Boc,Benzylation,none,7,100.0,20,Ethanol,1440.0,1054
AAG,Boc,Benzylation,none,7,100.0,20,Chloroform,1440.0,1035
FF,Free,Free,fiber,7,0.55,12,H2O,,2018
YL,Fmoc,Free,fiber,8,5.53,25,Chloroform,1440.0,1619
FF,Boc,Free,none,7,6.0,25,H2O,60.0,1417
IAIHIRI,Acetylated,Amidated,fiber,8,0.088,25,TRIS,0.0,10.1038/nchem.1894
FF,Fmoc,Free,fiber,4.2,15.0,25,H2O,720.0,1644
VVG,Boc,Benzylation,none,7,100.0,20,Chloroform,1440.0,1045
FF,Fmoc,Free,fiber,3.8,8.02,25,H2O,4320.0,1600
Aa,Free,Free,fiber,7,2.0,25,H2O,,1346
FC,Free,Free,fiber,7,20.0,25,PB,,1340
FF,Fmoc,Free,fiber,4.8,5.0,25,H2O,,1269
YVDVHVHV,Acetylated,Amidated,fiber,7.3,0.147,25,Hepes,0.0,10.1371/journal.pone.0143948
XFF,Boc,Free,fiber,7.46,9.0,65,PB,10.0,1124
XFF,Boc,Free,none,7.46,2.88,42.5,PB,10.0,1124
AVA,Boc,Benzylation,none,7,100.0,20,Acetonitrile,1440.0,1052
FAD,Free,Free,none,7,7.03,25,H2O,1440.0,1928
VAA,Boc,Benzylation,fiber,7,100.0,20,Chlorobenzene,1440.0,1052
FF,Free,Free,none,7,0.495,16,H2O,,2018
FF,Free,Free,none,7,0.44,16,H2O,,2018
FF,Free,Free,fiber,7,0.605,16,H2O,,2018
KYW,Free,Free,fiber,7,14.9,25,H2O,1440.0,1134
GF,Fmoc,Free,none,6.9,4.8,4,H2O,1440.0,1576
FFA,Acetylation,Amidation,none,6.12,6.3,25,H2O,,1843
GAV,Boc,Benzylation,none,7,100.0,20,Acetonitrile,1440.0,1054
KFG,Free,Free,sphere,7.4,5.0,60,H2O,,1080
FF,Boc,Free,sphere,7,2.0,25,H2O,60.0,1417
FF,Free,Free,fiber,7,0.66,4,H2O,,2018
FF,Fmoc,Free,fiber,7,10.05,37,PBS,,1005
KF,Free,Free,none,5.2,1.0,25,H2O,120.0,1320
FG,Fmoc,Free,fiber,10.5,2.4,4,H2O,1440.0,1573
AGV,Boc,Benzylation,none,7,100.0,20,Chloroform,1440.0,1054
WWW,Free,Free,sphere,8,1.46,25,H2O,,1155
FF,Free,Free,none,7,1.12,60,H2O,,2018
GAG,Boc,Benzylation,none,7,100.0,20,Dichloromethane,1440.0,1035
FFA,Napthalene,Free,fiber,7.4,6.0,25,PBS,3.0,1173
FF,Fmoc,Free,fiber,6.5,15.0,25,H2O,720.0,1644
FFS,Napthalene,Free,fiber,7.4,0.88,25,PBS,3.0,1174
FF,Boc,Free,none,7,4.0,25,Ethanol,60.0,1417
LHLHLYL,Acetylated,Amidated,fiber,8,0.088,25,TRIS,0.0,10.1038/nchem.1894
KFG,Free,Free,fiber,7.4,4.9,25,H2O,1440.0,1908
GAV,Boc,Benzylation,none,7,100.0,20,Chloroform,1440.0,1054
XFF,Boc,Free,fiber,7.46,4.2,39,PB,10.0,1124
VVV,Boc,Benzylation,none,7,100.0,20,Ethanol,1440.0,1056
YVDVHVSV,Acetylated,Amidated,fiber,7.3,0.147,25,Hepes,0.0,10.1371/journal.pone.0143948
VGA,Boc,Benzylation,none,7,100.0,20,Acetone,1440.0,1045
CFEFHFSFP,Acetylated,Amidated,fiber,7,0.58,25,H2O,0.0,https://doi.org/10.1016/j.colsurfb.2021.111751
AAA,Boc,Benzylation,fiber,7,100.0,20,Toluene,1440.0,1048
FF,Free,Free,fiber,7,1.104,44,H2O,,2018
FF,Fmoc,Free,none,7,15.0,25,Acetone,720.0,1644
VAG,Boc,Benzylation,fiber,7,100.0,20,Toluene,1440.0,1035
FF,Napthalene,Free,fiber,6.4,10.0,25,H2O,1440.0,1235
RF,Free,Free,aggregate,5.2,2.0,25,H2O,,1335
FF,Fmoc,Free,fiber,10.6,1.69,25,H2O,,1194
VVG,Boc,Benzylation,fiber,7,100.0,20,Acetone,1440.0,1044
ffv,Free,Free,none,7.4,7.0,25,PBS,,1146
FFA,Boc,Free,none,7,11.7,25,H2O,2.0,1123
VGG,Boc,Benzylation,none,7,100.0,20,Chlorobenzene,1440.0,1035
aa,Free,Free,fiber,7,2.0,25,H2O,,1347
FF,Boc,Free,none,7,0.2,25,Ethanol,60.0,1417
FF,Fmoc,Free,fiber,3.6,8.02,25,H2O,4320.0,1600
FF,Fmoc,Free,fiber,8,15.0,25,H2O,720.0,1644
FF,Fmoc,Free,fiber,3.7,15.0,25,HFP,720.0,1644
AGV,Boc,Benzylation,none,7,100.0,20,Acetone,1440.0,1054
LHLHLQL,Acetylated,Amidated,fiber,8,0.088,25,TRIS,0.0,10.1038/nchem.1894
AGG,Boc,Benzylation,fiber,7,100.0,20,Toluene,1440.0,1034
FF,Napthalene,Free,fiber,6,5.0,25,H2O,1440.0,1235
FF,Boc,Free,fiber,7,6.0,25,H2O,60.0,1417
KYY,Free,Free,fiber,7,14.2,25,H2O,1440.0,1132
YVHVSVSV,Acetylated,Amidated,fiber,7.3,0.147,25,Hepes,0.0,10.1371/journal.pone.0143948
FG,Free,Free,fiber,4.7,20.0,25,H2O,,1408
FF,Napthalene,Free,fiber,6,20.0,25,H2O,1440.0,1235
FF,Boc,Free,none,7,1.0,25,Ethanol,60.0,1417
FLD,Free,Free,fiber,7.4,7.87,25,PBS,1440.0,1930
YVHVAVHV,Acetylated,Amidated,fiber,7.3,0.147,25,Hepes,0.0,10.1371/journal.pone.0143948
GVV,Boc,Benzylation,none,7,100.0,20,Chloroform,1440.0,1055
GLKALEEKCKALEEKLKALEEKHKALEEKG,Acetylated,Amidated,none,7.5,0.13,25,HEPES,,10.1038/NCHEM.1201
FF,Boc,Free,none,7,1.0,25,H2O,60.0,1417
FF,Free,Free,fiber,7,0.78,28,H2O,,2018
FFK,Acetylation,Amidation,fiber,5.5,1.0,25,H2O,20160.0,1070
DF,Free,Methoxy,none,7.5,2.7,25,PB,1440.0,1311
AA,Fmoc,Free,fiber,3.3,5.0,25,H2O,35.0,1296
VG,Free,Free,sphere,6.96,10.45,37,H2O,2160.0,1556
CFEFSFHFP,Acetylated,Amidated,fiber,7,0.58,25,H2O,0.0,https://doi.org/10.1016/j.colsurfb.2021.111751
GAG,Boc,Benzylation,none,7,100.0,20,Methanol,1440.0,1035
YA,Fmoc,Free,fiber,8,5.11,25,Chloroform,1440.0,1622
LG,Free,Free,sphere,6.96,11.29,37,H2O,2160.0,1557
FG,Free,Free,fiber,7,20.0,25,PB,,1338
FF,Free,Free,none,7,0.585,28,H2O,,2018
FG,Fmoc,Free,fiber,9,4.8,4,H2O,1440.0,1574
FVG,Boc,Benzylation,none,7,100.0,20,Chloroform,1440.0,1064
DF,Free,Methoxy,fiber,10,11.0,25,H2O,1440.0,1309
FF,Fmoc,Free,none,10.6,0.455,25,H2O,,1194
VAA,Boc,Benzylation,none,7,100.0,20,Acetonitrile,1440.0,1052
VGG,Boc,Benzylation,none,7,100.0,20,Ethanol,1440.0,1035
FF,Fmoc,Free,fiber,7,15.0,25,Ethanol,720.0,1644
FF,Boc,Free,none,7,0.5,25,H2O,60.0,1417
YVHVSVDV,Acetylated,Amidated,fiber,7.3,0.147,25,Hepes,0.0,10.1371/journal.pone.0143948
VGV,Boc,Benzylation,none,7,100.0,20,Ethyl acetate,1440.0,1054
HH,Free,Free,fiber,7,1.372,70,Methanol,5.0,1697
AA,Fmoc,Free,fiber,3.32,5.0,25,H2O,35.0,1296
WW,Free,Free,sphere,7,1.855,70,Methanol,5.0,1694
YFK,Acetylation,Amidation,fiber,5.5,5.0,25,H2O,20160.0,1072
FFS,Napthalene,Free,fiber,7.4,0.96,25,PBS,3.0,1174
GGA,Boc,Benzylation,none,7,100.0,20,Acetone,1440.0,1045
FFA,Boc,Free,fiber,7,15.6,25,H2O,2.0,1123
AA,Fmoc,Free,fiber,3.5,5.0,25,H2O,,1384
RSAIEDLLFDKV,Free,Free,fiber,4.4,10.0036,,water,,https://pubs.acs.org/doi/10.1021/acsnano.1c10658
AAV,Boc,Benzylation,none,7,100.0,20,Ethyl acetate,1440.0,1054
VHVHVQV,Acetylated,Amidated,fiber,8,0.088,25,TRIS,0.0,10.1038/nchem.1894
GGG,Boc,Benzylation,none,7,100.0,20,Acetone,1440.0,1033
FF,Boc,Free,none,7,0.2,25,H2O,60.0,1417
FF,Fmoc,Free,fiber,6.9,15.0,25,H2O,720.0,1644
FF,Free,Free,none,7,0.44,4,H2O,,2018
VV,Boc,Methoxy,fiber,6,0.7,25,H2O,30.0,1946
FWS,Fmoc,Free,fiber,6,0.695,25,H2O,1440.0,1727
FF,Fmoc,Free,none,10.9,9.1,25,H2O,,1194
FF,Free,Free,none,7,0.63,32,H2O,,2018
GVG,Boc,Benzylation,fiber,7,100.0,20,Chlorobenzene,1440.0,1038
FWK,Fmoc,Amidation,fiber,4,7.0,25,H2O,1440.0,1089
AVV,Boc,Benzylation,none,7,100.0,20,Acetone,1440.0,1055
WF,Chlorination,N-hexadecylamine,none,7,3.2,25,H2O,25.0,1011
AGV,Boc,Benzylation,none,7,100.0,20,Ethyl acetate,1440.0,1054
AV,Napthalene,Free,fiber,3.6,5.0,25,H2O,1440.0,1273
FAA,Boc,Benzylation,fiber,7,100.0,20,Chlorobenzene,1440.0,1058
FFH,Ferrocene,Free,sphere,7.2,31.78,25,Ehylacetate,0.5,1972
FF,Napthalene,Free,fiber,6.2,10.0,25,H2O,1440.0,1235
VI,Boc,Methoxy,fiber,8,1.44,25,H2O,30.0,1943
FF,Boc,Free,fiber,7,4.0,25,H2O,60.0,1417
VV,Boc,Methoxy,fiber,3.8,1.4,25,H2O,30.0,1946
LG,Fmoc,Free,fiber,4.56,1.882,4,H2O,1440.0,1446
VL,Boc,Methoxy,fiber,6,0.72,25,TFE/H2O,30.0,1944
AA,Fmoc,Free,fiber,3.38,5.0,25,H2O,35.0,1296
FF,Fmoc,Free,none,10.5,0.26,25,H2O,,1194
RGD,Fmoc,Free,fiber,3,5.0,25,H2O,,1178
SAA,Boc,Benzylation,none,7,100.0,20,Methanol,1440.0,1056
AVV,Boc,Benzylation,none,7,100.0,20,Chlorobenzene,1440.0,1055
FF,Fmoc,Free,fiber,3.2,8.02,25,H2O,4320.0,1600
HFF,Free,Free,fiber,7,20.0,36,PB,,1948
LG,Fmoc,Free,fiber,5.34,1.882,4,H2O,1440.0,1446
GG,Free,Free,none,7.4,20.0,25,H2O,,1412
IHIHIQI,Acetylated,Amidated,fiber,8,0.088,25,TRIS,0.0,10.1038/nchem.1894
AVG,Boc,Benzylation,fiber,7,100.0,20,Acetonitrile,1440.0,1042
FFG,Napthalene,Free,fiber,7.4,3.3,25,PBS,3.0,1172
AVG,Boc,Benzylation,none,7,100.0,20,Chloroform,1440.0,1042
FF,Free,Free,fiber,7,0.605,4,H2O,,2018
LHLHLDL,Acetylated,Amidated,fiber,8,0.088,25,TRIS,0.0,10.1038/nchem.1894
FF,Fmoc,Free,fiber,10.7,4.29,25,H2O,,1194
KF,Free,Free,sphere,7,4.6,25,H2O,1440.0,1497
FF,Free,Free,fiber,5.2,2.0,37,H2O,5.0,1015
FF,Free,Free,fiber,7,4.0,25,Dichloromethane,,1502
XFF,Boc,Free,none,7.46,6.96,67.5,PB,10.0,1124
VVV,Boc,Benzylation,none,7,100.0,20,Dichloromethane,1440.0,1056
PW,Chlorination,N-hexadecylamine,fiber,7,36.0,25,H2O,25.0,1010
XFF,Boc,Free,none,7.46,3.28,44,PB,10.0,1124
FF,Free,Free,fiber,3.5,1.0,25,H2O,75.0,1547
FF,Free,Free,fiber,7,5.0,25,Toluene,,1909
FFR,Fmoc,Free,fiber,6,0.745,25,H2O,1440.0,1731
FK,Free,Free,fiber,10.4,20.0,25,PB,,1343
FF,Napthalene,Free,fiber,6,15.0,25,H2O,1440.0,1235
PW,Chlorination,N-hexadecylamine,none,7,24.0,25,H2O,25.0,1010
VAA,Boc,Benzylation,none,7,100.0,20,Methanol,1440.0,1052
PW,Chlorination,N-hexadecylamine,fiber,7,33.0,25,H2O,25.0,1010
FF,Free,Free,none,7,1.0,56,H2O,,2018
KFG,Free,Free,fiber,7.4,5.0,40,H2O,,1079
YVSVHVDV,Acetylated,Amidated,fiber,7.3,0.147,25,Hepes,0.0,10.1371/journal.pone.0143948
FF,Fmoc,Free,fiber,8.4,5.0,25,H2O,,1269
FWK,Fmoc,Amidation,fiber,12,7.0,25,H2O,1440.0,1089
VGG,Boc,Benzylation,none,7,100.0,20,Acetonitrile,1440.0,1035
VGG,Boc,Benzylation,none,7,100.0,20,Methanol,1440.0,1035
IF,Free,Free,sphere,8,2.0,25,H2O,1440.0,1292
FFH,Ferrocene,Free,sphere,7.2,31.78,50,PBS,0.5,1972
YVDVSVSV,Acetylated,Amidated,fiber,7.3,0.147,25,Hepes,0.0,10.1371/journal.pone.0143948
PPWPPHPPPPPGY,Acetylated,Amidated,none,7,0.71,25,HEPES,,10.1021/acsomega.7b00928
FF,Free,Free,none,7,0.513,20,H2O,,2018
FVG,Boc,Benzylation,none,7,100.0,20,Dichloromethane,1440.0,1064
FF,Fmoc,Free,none,11,130.0,25,H2O,,1194
LL,Fmoc,Free,fiber,6.3,2.443,4,H2O,1440.0,1443
FF,Napthalene,Free,fiber,6.2,5.0,25,H2O,1440.0,1235
EF,Free,Free,sphere,7,1.0,25,H2O,1440.0,1496
GG,Fmoc,Free,none,7.3,3.91,4,H2O,1440.0,1576
FF,Fmoc,Free,fiber,10.5,15.0,25,H2O,720.0,1644
AVV,Boc,Benzylation,none,7,100.0,20,Methanol,1440.0,1055
FAA,Boc,Benzylation,none,7,100.0,20,Ethyl acetate,1440.0,1058
VV,Boc,Methoxy,fiber,4.5,0.7,25,H2O,30.0,1946
AVV,Boc,Benzylation,none,7,100.0,20,Acetonitrile,1440.0,1055
FF,Fmoc,Free,none,6.3,15.0,25,H2O,720.0,1644
VAV,Boc,Benzylation,none,7,100.0,20,Acetone,1440.0,1055
FA,Napthalene,Free,sphere,11.7,5.0,25,H2O,90.0,1594
RF,Free,Free,sphere,4.8,1.0,25,H2O,2160.0,1490
FF,Free,Free,fiber,7,0.858,37,H2O,,2018
FYK,Acetylation,Amidation,fiber,5.5,5.0,25,H2O,20160.0,1071
WF,Chlorination,N-hexadecylamine,none,7,3.6,25,H2O,25.0,1011
GAV,Boc,Benzylation,none,7,100.0,20,Acetone,1440.0,1054
AAG,Boc,Benzylation,none,7,100.0,20,Ethanol,1440.0,1035
EF,Free,Free,sphere,7,6.4,25,H2O,1440.0,1496
AAA,Boc,Benzylation,none,7,100.0,20,Ethyl acetate,1440.0,1050
AA,Napthalene,Free,fiber,3.6,5.0,25,H2O,1440.0,1237
AGV,Boc,Benzylation,none,7,100.0,20,Ethanol,1440.0,1054
FG,Fmoc,Free,fiber,10.5,9.6,4,H2O,1440.0,1573
PPCPPHPPDPPGY,Acetylated,Amidated,none,7,0.71,25,HEPES,,10.1021/acsomega.7b00928
VGA,Boc,Benzylation,none,7,100.0,20,Ethanol,1440.0,1045
DF,Free,Methoxy,none,10,9.0,25,H2O,1440.0,1309
FF,Free,Free,fiber,7,100.0,20,HFP,0.1,1638
VGG,Boc,Benzylation,none,7,100.0,20,Toluene,1440.0,1035
FF,Fmoc,Free,fiber,6.6,5.0,25,H2O,,1269
FF,Free,Free,fiber,7,0.684,20,H2O,,2018
FF,Fmoc,Free,fiber,12,5.0,25,H2O,,1269
FF,Free,Free,fiber,7,1.98,68,H2O,,2018
AA,Fmoc,Free,fiber,3.36,5.0,25,H2O,35.0,1296
FFD,Fmoc,Free,fiber,6,5.49,25,H2O,,1707
FF,Boc,Free,none,7,8.0,25,H2O,60.0,1417
YVDVSVDV,Acetylated,Amidated,fiber,7.3,0.147,25,Hepes,0.0,10.1371/journal.pone.0143948
DF,Free,Methoxy,fiber,7.5,3.6,25,PB,1440.0,1311
FF,Boc,Free,fiber,7,0.5,25,H2O,60.0,1417
XFF,Boc,Free,none,7.46,3.96,46,PB,10.0,1124
FG,Fmoc,Free,none,8.4,5.0,25,H2O,,1268
VVG,Boc,Benzylation,fiber,7,100.0,20,Acetonitrile,1440.0,1045
LHLHLKL,Acetylated,Amidated,fiber,8,0.088,25,TRIS,0.0,10.1038/nchem.1894
IVW,Acetylation,Free,fiber,7,5.0,25,H2O,4320.0,1165
QAA,Boc,Benzylation,none,7,100.0,20,Methanol,1440.0,1065
VVA,Boc,Benzylation,none,7,100.0,20,Methanol,1440.0,1054
FF,Free,Free,fiber,4.8,20.0,25,H2O,,1407
FFS,Ferrocene,Free,sphere,7.2,29.27,25,PBS,0.5,1975
WWW,Boc,Free,sphere,7,2.22,25,Chloroform,,1154
LLE,Acetylation,Free,aggregate,7,19.0,25,H2O,20160.0,1129
FF,Fmoc,Free,fiber,10.8,29.9,25,H2O,,1194
FF,Free,Free,none,7,0.495,4,H2O,,2018
GAV,Boc,Benzylation,none,7,100.0,20,Dichloromethane,1440.0,1054
fFV,Free,Free,fiber,7.4,7.0,25,PBS,,1145
LG,Fmoc,Free,fiber,4.3,1.882,4,H2O,1440.0,1446
FF,Napthalene,Free,fiber,6.6,10.0,25,H2O,1440.0,1235
AAA,Boc,Benzylation,none,7,100.0,20,Chloroform,1440.0,1050
YVSVSVDV,Acetylated,Amidated,fiber,7.3,0.147,25,Hepes,0.0,10.1371/journal.pone.0143948
VGG,Boc,Benzylation,none,7,100.0,20,Chloroform,1440.0,1035
VVV,Boc,Benzylation,none,7,100.0,20,Acetone,1440.0,1056
IF,Free,Free,none,5.8,1.0,25,H2O,,1017
FFK,Napthalene,Free,none,7.4,1.8,25,PBS,3.0,1175
FF,Free,Free,none,7,0.828,44,H2O,,2018
FK,Free,Free,fiber,9.2,20.0,25,PB,,1343
FWK,Fmoc,Free,fiber,5,7.0,25,H2O,1440.0,1086
FG,Fmoc,Free,fiber,10.5,4.8,4,H2O,1440.0,1573
FFS,Fmoc,Free,fiber,6,0.76,25,H2O,1440.0,1732
FWK,Fmoc,Amidation,fiber,7.2,7.0,25,H2O,1440.0,1089
FF,Fmoc,Free,none,7,15.0,25,H2O,720.0,1644
YVSVHVHV,Acetylated,Amidated,fiber,7.3,0.147,25,Hepes,0.0,10.1371/journal.pone.0143948
VAA,Boc,Benzylation,none,7,100.0,20,Dichloromethane,1440.0,1052
VAG,Boc,Benzylation,none,7,100.0,20,Acetone,1440.0,1036
XFF,Boc,Free,fiber,7.46,3.96,42.5,PB,10.0,1124
AVA,Boc,Benzylation,none,7,100.0,20,Ethanol,1440.0,1052
XFF,Boc,Free,fiber,7.46,3.48,32.5,PB,10.0,1124
LV,Boc,Methoxy,fiber,7,2.88,25,Methanol,30.0,1945
HSGQQKFQFQFEQQ,Free,Amidated,fiber,7.4,0.7,25,PBS,1440.0,10.1021/nn5051344
FAA,Boc,Benzylation,fiber,7,100.0,20,Toluene,1440.0,1057
IVF,Acetylation,Free,fiber,7,5.0,25,H2O,4320.0,1164
VVV,Boc,Benzylation,none,7,100.0,20,Methanol,1440.0,1056
LV,Boc,Methoxy,fiber,4.5,0.72,25,H2O,30.0,1945
VVV,Boc,Benzylation,none,7,100.0,20,Toluene,1440.0,1056
FF,Boc,Free,fiber,7,6.0,25,H2O,35.0,1416
AV,Napthalene,Free,fiber,4.5,5.0,25,H2O,1440.0,1273
GAG,Boc,Benzylation,none,7,100.0,20,Ethyl acetate,1440.0,1035
GVV,Boc,Benzylation,none,7,100.0,20,Methanol,1440.0,1055
XFF,Boc,Free,fiber,7.46,8.25,65,PB,10.0,1124
AAV,Boc,Benzylation,none,7,100.0,20,Chlorobenzene,1440.0,1054
FFA,Napthalene,Free,fiber,7.4,5.5,25,PBS,3.0,1173
FF,Free,Free,fiber,7,1.012,44,H2O,,2018
FAA,Boc,Benzylation,none,7,100.0,20,Methanol,1440.0,1058
WP,Chlorination,N-hexadecylamine,fiber,7,84.0,25,H2O,25.0,1009
VAA,Boc,Benzylation,none,7,100.0,20,Ethanol,1440.0,1052
LLE,Acetylation,Free,aggregate,7,26.0,25,H2O,20160.0,1129
AAV,Boc,Benzylation,none,7,100.0,20,Chloroform,1440.0,1054
GAV,Boc,Benzylation,none,7,100.0,20,Ethyl acetate,1440.0,1054
FG,Fmoc,Free,fiber,5.1,4.8,4,H2O,1440.0,1574
VVG,Boc,Benzylation,none,7,100.0,20,Methanol,1440.0,1045
AV,Napthalene,Free,fiber,5,5.0,25,H2O,1440.0,1273
PW,Chlorination,N-hexadecylamine,none,7,27.0,25,H2O,25.0,1010
KF,Free,Free,sphere,7,2.8,25,H2O,1440.0,1497
DF,Free,Methoxy,fiber,10,12.0,25,H2O,1440.0,1309
VAA,Boc,Benzylation,none,7,100.0,20,Chloroform,1440.0,1052
VGV,Boc,Benzylation,none,7,100.0,20,Ethanol,1440.0,1054
FF,Free,Free,fiber,7,0.625,-80,H2O,,1217
LHLHLRL,Acetylated,Amidated,fiber,8,0.088,25,TRIS,0.0,10.1038/nchem.1894
aa,Free,Free,fiber,7,30.0,25,H2O,,1352
AA,Fmoc,Free,fiber,3.4,5.0,25,H2O,35.0,1296
XFF,Boc,Free,none,7.46,4.41,47.5,PB,10.0,1124
FF,Free,Free,none,7,0.896,52,H2O,,2018
aA,Free,Free,fiber,7,2.0,25,H2O,,1345
GSPLAQQIKNIHSFIHQAKAAGRMDEVRTLQENLHQLMHEYFQQSD,Free,Free,none,7,0.01,25,HEPES,,10.1021/bi201881p
FP,Chlorination,N-hexadecylamine,fiber,7,132.0,25,H2O,25.0,1007
VAG,Boc,Benzylation,none,7,100.0,20,Dichloromethane,1440.0,1036
FS,Free,Free,fiber,7,20.0,25,PB,,1339
FF,Napthalene,Free,fiber,7,10.0,25,H2O,1440.0,1235
FWK,Fmoc,Amidation,fiber,8.8,7.0,25,H2O,1440.0,1089
VAG,Boc,Benzylation,none,7,100.0,20,Chloroform,1440.0,1036
FF,Free,Free,none,7,0.4,8,H2O,,2018
FWD,Fmoc,Free,fiber,6,0.745,25,H2O,1440.0,1729
LLE,Acetylation,Free,aggregate,7,5.0,25,H2O,20160.0,1129
KYF,Free,Free,fiber,7,13.7,25,H2O,1440.0,1131
FK,Free,Free,fiber,8,20.0,25,PB,,1343
FF,Free,Free,fiber,5.2,2.0,60,H2O,5.0,1015
XFF,Boc,Free,fiber,7.46,5.94,50,PB,10.0,1124
KF,Free,Free,sphere,7,6.4,25,H2O,1440.0,1497
FF,Fmoc,Free,fiber,10.9,52.0,25,H2O,,1194
FF,Fmoc,Free,none,10.7,0.78,25,H2O,,1194
LL,Fmoc,Free,fiber,6.8,2.443,4,H2O,1440.0,1443
FF,Boc,Free,none,7,8.0,25,Ethanol,60.0,1417
VAV,Boc,Benzylation,none,7,100.0,20,Dichloromethane,1440.0,1055
XFF,Boc,Free,fiber,7.46,7.2,51,PB,10.0,1124
LL,Fmoc,Free,none,8.5,2.443,4,H2O,1440.0,1443
FFG,Napthalene,Free,none,7.4,2.7,25,PBS,3.0,1172
FF,Fmoc,Free,none,11,40.3,25,H2O,,1194
GAG,Boc,Benzylation,none,7,100.0,20,Acetone,1440.0,1035
FFH,Ferrocene,Free,fiber,7.2,31.78,10,PBS,0.5,1972
HFF,Free,Free,none,7,20.0,54,PB,,1948
FF,Free,Free,none,7,0.456,20,H2O,,2018
FF,Fmoc,Free,none,11,29.9,25,H2O,,1194
GGG,Boc,Benzylation,none,7,100.0,20,Chloroform,1440.0,1033
RLVFFAL,Acetylated,Free,fiber,8,0.26,4,H2O,43200.0,https://doi.org/10.1039/D2SC03205H
XFF,Boc,Free,none,7.46,2.61,32.5,PB,10.0,1124
DF,Free,Methoxy,fiber,7,28.6,25,Toluene,1440.0,1318
FAA,Boc,Benzylation,none,7,100.0,20,Dichloromethane,1440.0,1058
FF,Fmoc,Free,fiber,10.8,15.0,25,H2O,720.0,1644
AGA,Boc,Benzylation,none,7,100.0,20,Ethyl acetate,1440.0,1045
VIE,Acetylation,Free,fiber,7,10.0,25,H2O,10.0,1130
FEFKFEFK,Free,Free,fiber,6–7,7.847,90,water,,https://doi.org/10.1039/B811288F
DF,Free,Methoxy,fiber,8.42,3.0,25,PB,1440.0,1311
LVE,Acetylation,Free,fiber,7,35.0,25,H2O,2880.0,1125
AVG,Boc,Benzylation,none,7,100.0,20,Dichloromethane,1440.0,1042
FAA,Boc,Benzylation,none,7,100.0,20,Chloroform,1440.0,1058
XFF,Boc,Free,none,7.46,2.8,39,PB,10.0,1124
AGV,Boc,Benzylation,none,7,100.0,20,Chlorobenzene,1440.0,1054
FF,Free,Free,none,7,0.45,8,H2O,,2018
IF,Free,Free,fiber,5.8,20.0,25,H2O,,1017
FFA,Boc,Free,none,7.46,10.4,25,PB,2.0,1123
GGV,Boc,Benzylation,none,7,100.0,20,Methanol,1440.0,1054
FFV,Free,Free,none,7.4,7.0,25,PBS,,1146
DF,Free,Methoxy,none,10,8.0,25,H2O,1440.0,1309
AGV,Boc,Benzylation,none,7,100.0,20,Toluene,1440.0,1054
VV,Boc,Methoxy,fiber,5.3,1.4,25,H2O,30.0,1946
FF,Fmoc,Free,fiber,6.6,15.0,25,H2O,720.0,1644
AA ,Napthalene,Free,fiber,3.4,5.0,25,H2O,1440.0,1237
FF,Boc,Free,fiber,7,1.0,25,H2O,35.0,1416
FF,Fmoc,Free,fiber,4,8.02,25,H2O,4320.0,1600
YVHVHVDV,Acetylated,Amidated,fiber,7.3,0.147,25,Hepes,0.0,10.1371/journal.pone.0143948
FF,Fmoc,Free,none,10.8,1.69,25,H2O,,1194
FF,Free,Free,fiber,7,1.344,52,H2O,,2018
FF,Free,Free,fiber,7,0.72,24,H2O,,2018
VI,Boc,Methoxy,fiber,5.3,1.44,25,TFE/H2O,30.0,1943
XFF,Boc,Free,none,7.46,3.52,46,PB,10.0,1124
AV,Napthalene,Free,fiber,3.1,5.0,25,H2O,1440.0,1273
YVSVHVSV,Acetylated,Amidated,fiber,7.3,0.147,25,Hepes,0.0,10.1371/journal.pone.0143948
XFF,Boc,Free,none,7.46,4.96,56,PB,10.0,1124
GGA,Boc,Benzylation,none,7,100.0,20,Chlorobenzene,1440.0,1045
AVA,Boc,Benzylation,none,7,100.0,20,Ethyl acetate,1440.0,1052
FF,Free,Free,none,7,0.4,12,H2O,,2018
AGA,Boc,Benzylation,none,7,100.0,20,Chloroform,1440.0,1045
KFG,Free,Free,sphere,7.4,0.5,30,H2O,,1078
FF,Boc,Free,sphere,7,1.0,25,H2O,60.0,1417
FF,Fmoc,Free,none,7,15.0,25,DMF,720.0,1644
FID,Free,Free,fiber,7.4,7.87,25,PBS,1440.0,1931
PPPPPHPPPPPGY,Acetylated,Amidated,none,7,0.71,25,HEPES,,10.1021/acsomega.7b00928
FF,Free,Free,fiber,7,2.0,25,H2O,10.0,1274
FF,Fmoc,Free,fiber,7,15.0,25,Chloroform,720.0,1644
AAV,Boc,Benzylation,none,7,100.0,20,Methanol,1440.0,1054
LG,Fmoc,Free,fiber,5.6,1.882,4,H2O,1440.0,1446
VVG,Boc,Benzylation,none,7,100.0,20,Dichloromethane,1440.0,1045
fDI,Free,Free,fiber,8,12.5,25,PB,,1104
SVG,Boc,Benzylation,none,7,100.0,20,Methanol,1440.0,1060
SVG,Boc,Benzylation,none,7,100.0,20,Acetonitrile,1440.0,1060
AGG,Boc,Benzylation,none,7,100.0,20,Ethanol,1440.0,1034
AA,Fmoc,Free,fiber,3.42,5.0,25,H2O,,1384
YVHVHVHV,Acetylated,Amidated,fiber,7.3,0.147,25,Hepes,0.0,10.1371/journal.pone.0143948
LL,Fmoc,Free,fiber,5.3,2.443,4,H2O,1440.0,1443
VVA,Boc,Benzylation,fiber,7,100.0,20,Acetone,1440.0,1053
FF,Fmoc,Free,fiber,8.2,15.0,25,Methanol,720.0,1644
WW,Free,Free,sphere,7.5,0.31,37,H2O,1440.0,1387
XFF,Boc,Free,fiber,7.46,6.82,56,PB,10.0,1124
PY,Chlorination,N-hexadecylamine,none,7,90.0,25,H2O,25.0,1008
FF,Boc,Free,none,7,0.5,25,Ethanol,60.0,1417
KF,Free,Free,sphere,7,10.0,25,H2O,1440.0,1497
AGG,Boc,Benzylation,none,7,100.0,20,Acetone,1440.0,1034
FF,Fmoc,Free,fiber,8.3,15.0,25,Methanol,720.0,1644
FP,Fmoc,Free,none,6.6,5.0,25,H2O,,1270
VF,Free,Free,none,5.8,10.0,25,H2O,,1018
FF,Boc,Free,none,7,10.0,25,Ethanol,60.0,1417
DF,Free,Methoxy,none,7,12.0,25,Dichloromethane,1440.0,1310
GVA,Boc,Benzylation,none,7,100.0,20,Acetonitrile,1440.0,1052
VV,Boc,Methoxy,fiber,8,1.4,25,H2O,30.0,1946
FFH,Ferrocene,Free,sphere,7.2,31.78,25,PBS,0.5,1972
GAG,Boc,Benzylation,none,7,100.0,20,Toluene,1440.0,1035
FWK,Fmoc,Free,fiber,7,7.0,25,H2O,1440.0,1085
vFF,Free,Free,fiber,7.4,6.7,25,PB,1440.0,1074
FP,Fmoc,Free,none,10.2,5.0,25,H2O,,1270
FG,Fmoc,Free,none,10.2,5.0,25,H2O,,1268
FF,Fmoc,Free,none,10.9,15.0,25,H2O,720.0,1644
FFD,Free,Free,none,7.4,12.82,25,PBS,,1979
DF,Free,Methoxy,none,7,20.8,25,Toluene,1440.0,1318
LL,Fmoc,Free,none,8,2.443,4,H2O,1440.0,1443
FF,Boc,Free,sphere,7,4.0,25,H2O,60.0,1417
QAA,Boc,Benzylation,none,7,100.0,20,Ethanol,1440.0,1065
FGD,Free,Free,none,7,6.75,25,H2O,1440.0,1927
GAV,Boc,Benzylation,none,7,100.0,20,Ethanol,1440.0,1054
EF,Free,Free,aggregate,5.2,10.0,25,H2O,120.0,1327
YVSVDVHV,Acetylated,Amidated,fiber,7.3,0.147,25,Hepes,0.0,10.1371/journal.pone.0143948
FF,Free,Free,fiber,7,10.0,25,Ethanol,,1501
GGG,Boc,Benzylation,none,7,100.0,20,Methanol,1440.0,1033
VI,Boc,Methoxy,fiber,6,0.72,25,TFE/H2O,30.0,1943
DF,Free,Methoxy,fiber,9.5,3.0,25,PB,1440.0,1311
IHIAIRI,Acetylated,Amidated,fiber,8,0.088,25,TRIS,0.0,10.1038/nchem.1894
SVG,Boc,Benzylation,fiber,7,100.0,20,Chlorobenzene,1440.0,1060
WP,Chlorination,N-hexadecylamine,none,7,56.0,25,H2O,25.0,1009
RGD,Fmoc,Free,fiber,5.85,5.0,25,H2O,,1178
FP,Fmoc,Free,none,12,5.0,25,H2O,,1270
FFH,Ferrocene,Free,sphere,7.2,31.78,60,PBS,0.5,1972
FF,Boc,Free,sphere,7,6.0,25,H2O,60.0,1417
GAA,Boc,Benzylation,fiber,7,100.0,20,Chlorobenzene,1440.0,1047
YA,Fmoc,Free,fiber,8,5.11,25,PB,1440.0,1621
FVG,Boc,Benzylation,none,7,100.0,20,Methanol,1440.0,1064
DF,Free,Methoxy,none,7,13.5,25,Dichloromethane,1440.0,1310
KFG,Free,Free,sphere,7.4,0.5,20,H2O,,1078
YY,Free,Free,fiber,7,1.632,70,DMSO,5.0,1695
FF,Boc,Free,sphere,7,8.0,25,H2O,60.0,1417
YVAVHVHV,Acetylated,Amidated,fiber,7.3,0.147,25,Hepes,0.0,10.1371/journal.pone.0143948
AGV,Boc,Benzylation,none,7,100.0,20,Acetonitrile,1440.0,1054
FF,Free,Free,fiber,5.2,2.0,80,H2O,5.0,1015
FVG,Boc,Benzylation,none,7,100.0,20,Ethanol,1440.0,1064
FWK,Fmoc,Free,fiber,8,7.0,25,H2O,1440.0,1085
RF,Free,Free,aggregate,5.2,2.0,25,H2O,120.0,1321
GGV,Boc,Benzylation,none,7,100.0,20,Ethyl acetate,1440.0,1054
FF,Free,Free,fiber,7.2,10.0,25,H2O,,1022
AA,Fmoc,Free,fiber,3.34,5.0,25,H2O,35.0,1296
GG,Fmoc,Free,fiber,4.6,3.91,4,H2O,1440.0,1576
LG,Fmoc,Free,fiber,4.82,1.882,4,H2O,1440.0,1446
VF,Free,Free,none,5.8,1.0,25,H2O,,1018
XFF,Boc,Free,none,7.46,4.86,50,PB,10.0,1124
DF,Free,Methoxy,fiber,8.96,3.0,25,PB,1440.0,1311
SVG,Boc,Benzylation,none,7,100.0,20,Dichloromethane,1440.0,1060
FFF,Ferrocene,Free,sphere,7.2,32.38,25,PBS,0.5,1974
KFG,Free,Free,sphere,7.4,0.5,50,H2O,,1078
IHVHLQI,Acetylated,Amidated,fiber,8,0.088,25,TRIS,1440.0,10.1016/j.jcis.2022.04.122
FF,Fmoc,Free,fiber,10.3,0.455,25,H2O,,1194
DF,Free,Methoxy,fiber,7,16.5,25,Dichloromethane,1440.0,1310
KF,Free,Free,aggregate,5.2,2.0,25,H2O,120.0,1322
YVDVSVHV,Acetylated,Amidated,fiber,7.3,0.147,25,Hepes,0.0,10.1371/journal.pone.0143948
LG,Fmoc,Free,fiber,7.6,1.882,4,H2O,1440.0,1445
